{
    "timestamp": "2026-06-21T12:14:40.936551",
    "n_figures": 21,
    "data_generating_cosmology": {
        "H0": 70.0,
        "Omega_m": 0.3
    },
    "fits": {
        "LCDM": {
            "H0": 70.30155916410926,
            "Omega_m": 0.3008492081950173,
            "chi2_dof": 0.9337739710938798
        },
        "KK": {
            "H0": 70.3015619042294,
            "Omega_m": 0.3008488103376289,
            "Omega_KK": 1.0001031456090565e-07,
            "chi2_dof": 0.9536415023932016
        },
        "RS_BOUNCE": {
            "H0": 68.12432907491214,
            "Omega_m": 0.2783539843188522,
            "Omega_bounce": 0.09999999972333597,
            "alpha": 1.373078282867091,
            "chi2_dof": 0.9707370531652629
        },
        "EQST_GP": {
            "H0": 85.0,
            "Omega_m": 0.34172233836881505,
            "chi2_dof": 1.0694198113377469
        }
    },
    "mcmc": {
        "H0_median": 89.42075968270511,
        "H0_p16": 88.4811389675774,
        "H0_p84": 89.85883682622665,
        "Omega_m_median": 0.31792364797496186,
        "acceptance_rate": 0.21445000000000003
    },
    "information_criteria": {
        "AIC": [
            48.82115061250623,
            50.82115061248047,
            52.653904445602095,
            55.332150944211854
        ],
        "BIC": [
            52.64519662336252,
            56.55721962876491,
            60.30199646731468,
            59.15619695506815
        ],
        "Akaike_weights": [
            0.6436745828287805,
            0.23679464583036264,
            0.09470969545496653,
            0.02482107588589027
        ]
    },
    "tensions_sigma": {
        "LCDM_vs_SH0ES": 2.3731023488127967,
        "EQST_GP_vs_SH0ES": 10.364402882039634,
        "EQST_GP_vs_Planck": 23.9695153512602,
        "EQST_GP_MCMC_vs_SH0ES": 13.131474504568448
    },
    "dark_matter": {
        "Omega_DM_h2_median": 0.05,
        "Omega_DM_h2_planck": 0.12,
        "m_DM_GeV": 1.03e+16,
        "sigma_DM_cm2": 1e-71
    }
}