{
    "timestamp": "2026-06-22T10:02:18.465828",
    "data": {
        "n_SN": 50,
        "n_BAO": 13,
        "omega_b_BBN": 0.02218,
        "omega_b_BBN_err": 0.00055
    },
    "fits": {
        "LCDM": {
            "H0": 70.30734813821198,
            "Omega_m": 0.3710636123875549,
            "chi2": 37.76635650067791,
            "dof": 48
        },
        "KK": {
            "H0": 70.30706964827583,
            "Omega_m": 0.371057622205366,
            "Omega_KK": 8.429058157109977e-06,
            "chi2": 37.76635649834605,
            "dof": 47
        },
        "RS": {
            "H0": 68.18120927035477,
            "Omega_m": 0.3696641085158495,
            "Omega_b": 0.0999999993366768,
            "alpha": 1.134191797940217,
            "chi2": 37.63486740724785,
            "dof": 46
        },
        "EQST_GP": {
            "H0": 80.0,
            "Omega_m": 0.42501643592644894,
            "chi2": 41.24419012300711,
            "dof": 48
        }
    },
    "mcmc_eqst": {
        "H0_median": 80.1936128838182,
        "H0_p16": 79.9327261122846,
        "H0_p84": 80.97503098687304,
        "Om_median": 0.4364222780523933,
        "Om_p16": 0.42256144145103436,
        "Om_p84": 0.4496671962109185,
        "Rhat": [
            12.384099654551472,
            14.314761530112728
        ],
        "accept_mean": 0.004125
    },
    "model_comparison": [
        {
            "Model": "LCDM",
            "chi2": 37.76635650067791,
            "dof": 48,
            "chi2_red": 0.786799093764123,
            "AIC": 41.76635650067791,
            "BIC": 45.5904025115342,
            "Delta_AIC": 0.0,
            "Akaike_w": 0.5923742806633534
        },
        {
            "Model": "KK Gravitons",
            "chi2": 37.76635649834605,
            "dof": 47,
            "chi2_red": 0.8035394999648096,
            "AIC": 43.76635649834605,
            "BIC": 49.50242551463049,
            "Delta_AIC": 1.9999999976681408,
            "Akaike_w": 0.21792231958885167
        },
        {
            "Model": "RS Bounce",
            "chi2": 37.63486740724785,
            "dof": 46,
            "chi2_red": 0.8181492914619098,
            "AIC": 45.63486740724785,
            "BIC": 53.28295942896044,
            "Delta_AIC": 3.868510906569945,
            "Akaike_w": 0.08561694444443325
        },
        {
            "Model": "EQST-GP",
            "chi2": 41.24419012300711,
            "dof": 48,
            "chi2_red": 0.8592539608959814,
            "AIC": 45.24419012300711,
            "BIC": 49.0682361338634,
            "Delta_AIC": 3.4778336223292,
            "Akaike_w": 0.10408645530336173
        }
    ],
    "tension_sigma": {
        "LCDM_vs_SH0ES": 2.3680856882881964,
        "EQST_vs_SH0ES": 6.031458533360856,
        "EQST_vs_Planck": 17.17543503627715,
        "MCMC_vs_SH0ES": 6.149565932327015
    },
    "goodness": {
        "KS": 0.05323098889163447,
        "delta_chi2": -3.4778336223292,
        "p_value": 0.06219611361091126
    },
    "kk_redshift_table": [
        [
            0.01,
            0.01000000000505137,
            5.05136904527248e-12,
            5.05136904527248e-08
        ],
        [
            0.1,
            0.10000000055137323,
            5.513732248552117e-10,
            5.513732248552117e-07
        ],
        [
            0.5,
            0.5000000186139009,
            1.8613900865105393e-08,
            3.7227801730210786e-06
        ],
        [
            1.0,
            1.0000000932786912,
            9.32786912155592e-08,
            9.32786912155592e-06
        ],
        [
            2.0,
            2.0000004627346244,
            4.62734624395722e-07,
            2.31367312197861e-05
        ],
        [
            5.0,
            5.000003466615962,
            3.4666159622886994e-06,
            6.933231924577399e-05
        ],
        [
            10.0,
            10.000014828771562,
            1.4828771561781195e-05,
            0.00014828771561781195
        ],
        [
            1100.0,
            1100.1917659898274,
            0.19176598982744508,
            0.017433271802495008
        ]
    ]
}