{
    "Omega_m_best": 0.315,
    "h_best": 0.674,
    "chi2_min": 29999.99999999997,
    "dof": 10,
    "redshifts": [
        0.51,
        0.71,
        0.93,
        1.32,
        1.49,
        2.33
    ],
    "DM_over_rd_data": [
        13.62,
        16.85,
        19.77,
        24.05,
        26.07,
        37.79
    ],
    "DH_over_rd_data": [
        20.98,
        19.33,
        17.88,
        13.82,
        13.23,
        8.52
    ],
    "DM_over_rd_theory": [
        16.851906606247887,
        21.92670347964319,
        26.66216793713925,
        33.414292347300545,
        35.85994171088207,
        45.07647173651493
    ],
    "DH_over_rd_theory": [
        27.467224897908714,
        23.403968196585804,
        19.78861460712045,
        15.158015130690499,
        13.656476751304348,
        8.855680467147462
    ]
}